Name,Telegram,Status
SECTOR 16,https://t.me/Sector08,Active
Stuxnet,https://t.me/xstuxnet,Active
UserSec,https://t.me/usersecc,Active
Spider-X,https://t.me/SpidrX2,Active
TwoNet,https://t.me/TwoNetOfficial,Active
DarkStormTeam,https://t.me/darkstormteambackup2,Active
OverFlame,https://t.me/privetOTof222,Active
NoName057(16),https://t.me/noname05716_reserv,Active
HolyLeague,https://t.me/Holy_League,Active
Arabian Ghosts,https://t.me/ARABIAN_GHOSTS,Active
Z-Pentest,https://t.me/z_pentest_reborn,Active
Laneh Security Team,https://t.me/laneh_dark,Active
Rachel Hunter,https://t.me/Rachelhunter_officialf,Active
Syrian Electronic Army,https://t.me/hjbfdsshjkk,Active
Deterrence of Cyber Aggression,https://t.me/DCA_operation,Active
RipperSec,https://t.me/TheRipperSec,Active
ShadowSec,https://t.me/KeymousTeam,Active
KurtLar_CyberLab,"https://t.me/KurtLarShop, https://t.me/KurtLarCyberLab",Active
Cyber Army of Russian Reborn,https://t.me/CyberArmyofRussia_Reborn,Recently Deceased
What's Left of CARR,https://t.me/cyberguerre,Recently Deceased
Cyber Av3ngers,https://t.me/s/CyberAv3ngers,Recently Deceased
Mr Soul *(Cyber Avengers tool chat),https://t.me/mrsoul_group,Recently Deceased
Five Families,https://t.me/FiveFamilies,Recently Deceased
High Society,https://t.me/highs0c1ety,Recently Deceased
Hunter Killers,https://t.me/Hunt3rkill3rs1,Recently Deceased
Free Palestine PPHM,https://t.me/freepalestine_PPHM,Recently Deceased
Lulzsec Muslims,https://t.me/LulzsecMuslims_World,Recently Deceased
Silent Cyber Force,https://t.me/team_scf_pk,Recently Deceased
Moroccan Defenders Group,https://t.me/Saharahackers,Old and Dusty
Teng Korak Cyber Crew,"https://t.me/tengkorakcybercrewz, https://t.me/tengkorakcybercrew",Old and Dusty
Islamic Cyber team Indonesia,https://t.me/islamiccyberteam,Old and Dusty
Esteem Restoration Eagle,https://t.me/esteemrestorationeagle,Old and Dusty
Cyber Army of Palestine,https://t.me/CyberArmyPalestine,Old and Dusty
AnonGhost-Info,https://t.me/anonghostinfo,Old and Dusty
Mysterious Silent Force,https://t.me/SilentForceMTB,Old and Dusty
Krypton Networks,https://t.me/KryptonNetworks,Old and Dusty
Libyan Ghosts,https://t.me/LGH_Team,Old and Dusty
KEP Team,https://t.me/KEP_TEAM,Old and Dusty
X/ROOT SELLER,https://t.me/x7seller,Old and Dusty
SS CYBER Team,"https://t.me/SS_CYBER_TEAM, Twitter: @SS_CYBER_TEAM",Old and Dusty
DARK SCHOOL,https://t.me/dark_school_killnet_Ru,Old and Dusty
Infinity Hacker By,https://t.me/infinity_hackers_group,Old and Dusty
BLUENET RUSSIA,https://t.me/bluenettt,Old and Dusty
AnonGhost Indonesian,https://t.me/AnonGhostid,Old and Dusty
SUKOWONO BLACKHAT TEAM,"https://t.me/SukowonoBlackhatTeam, https://t.me/SukowonoBlackhatTeam01",Old and Dusty
Ketapang Greyhat Team,"https://t.me/ketapanggreyhat, https://t.me/KetapangGreyHatTeam2",Old and Dusty
Moses Staff,"https://t.me/moses_staff_se_17, https://t.me/moseshiogt",Old and Dusty
313 team,https://t.me/Team313Official,Old and Dusty
Skynet Endsodoma Official,https://t.me/skynetboom666,Old and Dusty
Soldiers of Solomon,https://t.me/SoldiersOfSolomon,Old and Dusty
IRoX Team,https://t.me/IRoX_Team,Old and Dusty
Cyber Sederhana Team,https://t.me/CSTandLUMAJANG,Old and Dusty
HostKillCrew,https://t.me/HostKillCrews,Old and Dusty
Kuningan Exploiter,https://t.me/kuninganexploiter,Old and Dusty
Infinite Insight.Id,https://t.me/fakesec666,Old and Dusty
Haghjoyan,https://t.me/Haghjoyann,Old and Dusty
Ben M'Hidi 54,https://t.me/banmhdi54,Old and Dusty
RuBit,https://t.me/RuBitGroup,Old and Dusty
The Returnees,https://t.me/TheReturnees710,Old and Dusty
DarkSeek Hacking Group,https://t.me/DarkSeek_rus,Old and Dusty
Fallaga Team,https://t.me/Fallaga_Team,Old and Dusty
Dark Strom Team,https://t.me/DarkStormTeams,Old and Dusty
5UL4WES1 TENG4H BL4CKHAT,https://t.me/sultengblackhat,Old and Dusty
DeadLink,https://t.me/DeadLink_Chanel,Old and Dusty
IXP666SECTEAM,https://t.me/ixp666secteam,Old and Dusty
TEAM 1956,https://t.me/team_1956,Old and Dusty
Nixon Cyber Team,https://t.me/NIXON_CYBER_TEAM,Old and Dusty
BRAVE REDSTORM EAGLE,https://t.me/braveredstormeagle,Old and Dusty
Indonesia anonymous,https://t.me/ackedindonesi,Old and Dusty
177 Members Team,https://t.me/Memberss177,Old and Dusty
NOTHWHOME OF SECURITY,https://t.me/NWMCH,Old and Dusty
Anonymous Collective,https://t.me/AnonCollective,Old and Dusty
Malaysia Cyber Defacer,https://t.me/malaysiadefacers,Old and Dusty
H4x0r Umbarella Corp H.U.C,https://t.me/Prisonmaniaccyberteam199,Old and Dusty
PADANG SYSTEM ERROR,https://t.me/PadangSystemError,Old and Dusty
Esteem Restoration Evil,https://t.me/EsteemRestorationEvil,Old and Dusty
Cybertoufanaksa,https://t.me/cybertoufanaksa,Old and Dusty
Anonymous Arabia,https://t.me/Anonymous_v7X,Old and Dusty